component,category,sourceSvg,riveComponent,requiredInQA,style,reference,colorBindings,tags,notes
Avatar_FullBody_Reference_CurlyAuburn,base_avatar,assets/svg/base_avatar/Avatar_FullBody_Reference_CurlyAuburn.svg,True,True,3d_mobile_avatar_svg,attached_curly_auburn_avatar,avatarSkinBaseColor;avatarHairBaseColor;avatarEyeIrisColor;avatarClothingPrimaryColor,reference;full-body,Full-body SVG based on the attached image.
Component_Head_Round,head,assets/svg/head/Component_Head_Round.svg,True,True,3d_mobile_avatar_svg,attached_curly_auburn_avatar,avatarSkinBaseColor;avatarSkinShadowColor;avatarSkinHighlightColor,,
Component_Head_Oval,head,assets/svg/head/Component_Head_Oval.svg,True,True,3d_mobile_avatar_svg,attached_curly_auburn_avatar,avatarSkinBaseColor;avatarSkinShadowColor;avatarSkinHighlightColor,,
Component_Head_Long,head,assets/svg/head/Component_Head_Long.svg,True,True,3d_mobile_avatar_svg,attached_curly_auburn_avatar,avatarSkinBaseColor;avatarSkinShadowColor;avatarSkinHighlightColor,,
Component_Head_Square,head,assets/svg/head/Component_Head_Square.svg,True,True,3d_mobile_avatar_svg,attached_curly_auburn_avatar,avatarSkinBaseColor;avatarSkinShadowColor;avatarSkinHighlightColor,,
Component_Head_Heart,head,assets/svg/head/Component_Head_Heart.svg,True,True,3d_mobile_avatar_svg,attached_curly_auburn_avatar,avatarSkinBaseColor;avatarSkinShadowColor;avatarSkinHighlightColor,,
Component_Head_Diamond,head,assets/svg/head/Component_Head_Diamond.svg,True,True,3d_mobile_avatar_svg,attached_curly_auburn_avatar,avatarSkinBaseColor;avatarSkinShadowColor;avatarSkinHighlightColor,,
Component_Head_SoftJaw,head,assets/svg/head/Component_Head_SoftJaw.svg,True,True,3d_mobile_avatar_svg,attached_curly_auburn_avatar,avatarSkinBaseColor;avatarSkinShadowColor;avatarSkinHighlightColor,,
Component_Head_StrongJaw,head,assets/svg/head/Component_Head_StrongJaw.svg,True,True,3d_mobile_avatar_svg,attached_curly_auburn_avatar,avatarSkinBaseColor;avatarSkinShadowColor;avatarSkinHighlightColor,,
Component_Body_Shoulders_Default,body,assets/svg/body/Component_Body_Shoulders_Default.svg,True,True,3d_mobile_avatar_svg,attached_curly_auburn_avatar,avatarSkinBaseColor;avatarSkinShadowColor;avatarSkinHighlightColor,,
Component_Body_Shoulders_Narrow,body,assets/svg/body/Component_Body_Shoulders_Narrow.svg,True,True,3d_mobile_avatar_svg,attached_curly_auburn_avatar,avatarSkinBaseColor;avatarSkinShadowColor;avatarSkinHighlightColor,,
Component_Body_Shoulders_Broad,body,assets/svg/body/Component_Body_Shoulders_Broad.svg,True,True,3d_mobile_avatar_svg,attached_curly_auburn_avatar,avatarSkinBaseColor;avatarSkinShadowColor;avatarSkinHighlightColor,,
Component_Body_Neck_Default,body,assets/svg/body/Component_Body_Neck_Default.svg,True,True,3d_mobile_avatar_svg,attached_curly_auburn_avatar,avatarSkinBaseColor;avatarSkinShadowColor;avatarSkinHighlightColor,,
Component_Body_Neck_Short,body,assets/svg/body/Component_Body_Neck_Short.svg,True,True,3d_mobile_avatar_svg,attached_curly_auburn_avatar,avatarSkinBaseColor;avatarSkinShadowColor;avatarSkinHighlightColor,,
Component_Body_Neck_Long,body,assets/svg/body/Component_Body_Neck_Long.svg,True,True,3d_mobile_avatar_svg,attached_curly_auburn_avatar,avatarSkinBaseColor;avatarSkinShadowColor;avatarSkinHighlightColor,,
Component_Face_Soft,face,assets/svg/face/Component_Face_Soft.svg,True,True,3d_mobile_avatar_svg,attached_curly_auburn_avatar,avatarSkinBaseColor;avatarSkinShadowColor;avatarSkinHighlightColor,,
Component_Face_Angular,face,assets/svg/face/Component_Face_Angular.svg,True,True,3d_mobile_avatar_svg,attached_curly_auburn_avatar,avatarSkinBaseColor;avatarSkinShadowColor;avatarSkinHighlightColor,,
Component_Face_Full,face,assets/svg/face/Component_Face_Full.svg,True,True,3d_mobile_avatar_svg,attached_curly_auburn_avatar,avatarSkinBaseColor;avatarSkinShadowColor;avatarSkinHighlightColor,,
Component_Face_Slim,face,assets/svg/face/Component_Face_Slim.svg,True,True,3d_mobile_avatar_svg,attached_curly_auburn_avatar,avatarSkinBaseColor;avatarSkinShadowColor;avatarSkinHighlightColor,,
Component_Face_Broad,face,assets/svg/face/Component_Face_Broad.svg,True,True,3d_mobile_avatar_svg,attached_curly_auburn_avatar,avatarSkinBaseColor;avatarSkinShadowColor;avatarSkinHighlightColor,,
Component_Face_DefinedJaw,face,assets/svg/face/Component_Face_DefinedJaw.svg,True,True,3d_mobile_avatar_svg,attached_curly_auburn_avatar,avatarSkinBaseColor;avatarSkinShadowColor;avatarSkinHighlightColor,,
Component_Face_HighCheekbones,face,assets/svg/face/Component_Face_HighCheekbones.svg,True,True,3d_mobile_avatar_svg,attached_curly_auburn_avatar,avatarSkinBaseColor;avatarSkinShadowColor;avatarSkinHighlightColor,,
Component_Face_LowCheekbones,face,assets/svg/face/Component_Face_LowCheekbones.svg,True,True,3d_mobile_avatar_svg,attached_curly_auburn_avatar,avatarSkinBaseColor;avatarSkinShadowColor;avatarSkinHighlightColor,,
Component_Ears_Small,ears,assets/svg/ears/Component_Ears_Small.svg,True,True,3d_mobile_avatar_svg,attached_curly_auburn_avatar,avatarSkinBaseColor;avatarSkinShadowColor;avatarSkinHighlightColor,,
Component_Ears_Medium,ears,assets/svg/ears/Component_Ears_Medium.svg,True,True,3d_mobile_avatar_svg,attached_curly_auburn_avatar,avatarSkinBaseColor;avatarSkinShadowColor;avatarSkinHighlightColor,,
Component_Ears_Large,ears,assets/svg/ears/Component_Ears_Large.svg,True,True,3d_mobile_avatar_svg,attached_curly_auburn_avatar,avatarSkinBaseColor;avatarSkinShadowColor;avatarSkinHighlightColor,,
Component_Ears_AttachedLobe,ears,assets/svg/ears/Component_Ears_AttachedLobe.svg,True,True,3d_mobile_avatar_svg,attached_curly_auburn_avatar,avatarSkinBaseColor;avatarSkinShadowColor;avatarSkinHighlightColor,,
Component_Ears_FreeLobe,ears,assets/svg/ears/Component_Ears_FreeLobe.svg,True,True,3d_mobile_avatar_svg,attached_curly_auburn_avatar,avatarSkinBaseColor;avatarSkinShadowColor;avatarSkinHighlightColor,,
Component_SkinDetail_None,skin_detail,assets/svg/skin_detail/Component_SkinDetail_None.svg,True,True,3d_mobile_avatar_svg,attached_curly_auburn_avatar,avatarMarkingColor;avatarMarkingOpacity,,
Component_SkinDetail_Freckles_Light,skin_detail,assets/svg/skin_detail/Component_SkinDetail_Freckles_Light.svg,True,True,3d_mobile_avatar_svg,attached_curly_auburn_avatar,avatarMarkingColor;avatarMarkingOpacity,,
Component_SkinDetail_Freckles_Dense,skin_detail,assets/svg/skin_detail/Component_SkinDetail_Freckles_Dense.svg,True,True,3d_mobile_avatar_svg,attached_curly_auburn_avatar,avatarMarkingColor;avatarMarkingOpacity,,
Component_SkinDetail_BeautyMark,skin_detail,assets/svg/skin_detail/Component_SkinDetail_BeautyMark.svg,True,True,3d_mobile_avatar_svg,attached_curly_auburn_avatar,avatarMarkingColor;avatarMarkingOpacity,,
Component_SkinDetail_Mole,skin_detail,assets/svg/skin_detail/Component_SkinDetail_Mole.svg,True,True,3d_mobile_avatar_svg,attached_curly_auburn_avatar,avatarMarkingColor;avatarMarkingOpacity,,
Component_SkinDetail_Acne_Light,skin_detail,assets/svg/skin_detail/Component_SkinDetail_Acne_Light.svg,True,True,3d_mobile_avatar_svg,attached_curly_auburn_avatar,avatarMarkingColor;avatarMarkingOpacity,,
Component_SkinDetail_Acne_Moderate,skin_detail,assets/svg/skin_detail/Component_SkinDetail_Acne_Moderate.svg,True,True,3d_mobile_avatar_svg,attached_curly_auburn_avatar,avatarMarkingColor;avatarMarkingOpacity,,
Component_SkinDetail_EyeBags,skin_detail,assets/svg/skin_detail/Component_SkinDetail_EyeBags.svg,True,True,3d_mobile_avatar_svg,attached_curly_auburn_avatar,avatarMarkingColor;avatarMarkingOpacity,,
Component_SkinDetail_Blush,skin_detail,assets/svg/skin_detail/Component_SkinDetail_Blush.svg,True,True,3d_mobile_avatar_svg,attached_curly_auburn_avatar,avatarMarkingColor;avatarMarkingOpacity,,
Component_SkinDetail_SmileLines,skin_detail,assets/svg/skin_detail/Component_SkinDetail_SmileLines.svg,True,True,3d_mobile_avatar_svg,attached_curly_auburn_avatar,avatarMarkingColor;avatarMarkingOpacity,,
Component_SkinDetail_Wrinkles_Light,skin_detail,assets/svg/skin_detail/Component_SkinDetail_Wrinkles_Light.svg,True,True,3d_mobile_avatar_svg,attached_curly_auburn_avatar,avatarMarkingColor;avatarMarkingOpacity,,
Component_SkinDetail_Wrinkles_Mature,skin_detail,assets/svg/skin_detail/Component_SkinDetail_Wrinkles_Mature.svg,True,True,3d_mobile_avatar_svg,attached_curly_auburn_avatar,avatarMarkingColor;avatarMarkingOpacity,,
Component_SkinDetail_Vitiligo_Partial,skin_detail,assets/svg/skin_detail/Component_SkinDetail_Vitiligo_Partial.svg,True,True,3d_mobile_avatar_svg,attached_curly_auburn_avatar,avatarMarkingColor;avatarMarkingOpacity,,
Component_SkinDetail_Vitiligo_Extended,skin_detail,assets/svg/skin_detail/Component_SkinDetail_Vitiligo_Extended.svg,True,True,3d_mobile_avatar_svg,attached_curly_auburn_avatar,avatarMarkingColor;avatarMarkingOpacity,,
Component_Eyes_Round,eyes,assets/svg/eyes/Component_Eyes_Round.svg,True,True,3d_mobile_avatar_svg,attached_curly_auburn_avatar,avatarEyeIrisColor;avatarEyeRingColor;avatarEyePupilColor;avatarEyeHighlightColor,,
Component_Eyes_Almond,eyes,assets/svg/eyes/Component_Eyes_Almond.svg,True,True,3d_mobile_avatar_svg,attached_curly_auburn_avatar,avatarEyeIrisColor;avatarEyeRingColor;avatarEyePupilColor;avatarEyeHighlightColor,,
Component_Eyes_Monolid,eyes,assets/svg/eyes/Component_Eyes_Monolid.svg,True,True,3d_mobile_avatar_svg,attached_curly_auburn_avatar,avatarEyeIrisColor;avatarEyeRingColor;avatarEyePupilColor;avatarEyeHighlightColor,,
Component_Eyes_Hooded,eyes,assets/svg/eyes/Component_Eyes_Hooded.svg,True,True,3d_mobile_avatar_svg,attached_curly_auburn_avatar,avatarEyeIrisColor;avatarEyeRingColor;avatarEyePupilColor;avatarEyeHighlightColor,,
Component_Eyes_DeepSet,eyes,assets/svg/eyes/Component_Eyes_DeepSet.svg,True,True,3d_mobile_avatar_svg,attached_curly_auburn_avatar,avatarEyeIrisColor;avatarEyeRingColor;avatarEyePupilColor;avatarEyeHighlightColor,,
Component_Eyes_WideSet,eyes,assets/svg/eyes/Component_Eyes_WideSet.svg,True,True,3d_mobile_avatar_svg,attached_curly_auburn_avatar,avatarEyeIrisColor;avatarEyeRingColor;avatarEyePupilColor;avatarEyeHighlightColor,,
Component_Eyes_CloseSet,eyes,assets/svg/eyes/Component_Eyes_CloseSet.svg,True,True,3d_mobile_avatar_svg,attached_curly_auburn_avatar,avatarEyeIrisColor;avatarEyeRingColor;avatarEyePupilColor;avatarEyeHighlightColor,,
Component_Eyes_Upturned,eyes,assets/svg/eyes/Component_Eyes_Upturned.svg,True,True,3d_mobile_avatar_svg,attached_curly_auburn_avatar,avatarEyeIrisColor;avatarEyeRingColor;avatarEyePupilColor;avatarEyeHighlightColor,,
Component_Eyes_Downturned,eyes,assets/svg/eyes/Component_Eyes_Downturned.svg,True,True,3d_mobile_avatar_svg,attached_curly_auburn_avatar,avatarEyeIrisColor;avatarEyeRingColor;avatarEyePupilColor;avatarEyeHighlightColor,,
Component_Eyes_Small,eyes,assets/svg/eyes/Component_Eyes_Small.svg,True,True,3d_mobile_avatar_svg,attached_curly_auburn_avatar,avatarEyeIrisColor;avatarEyeRingColor;avatarEyePupilColor;avatarEyeHighlightColor,,
Component_Eyes_Large,eyes,assets/svg/eyes/Component_Eyes_Large.svg,True,True,3d_mobile_avatar_svg,attached_curly_auburn_avatar,avatarEyeIrisColor;avatarEyeRingColor;avatarEyePupilColor;avatarEyeHighlightColor,,
Component_EyesExpr_Neutral,eyes_expr,assets/svg/eyes_expr/Component_EyesExpr_Neutral.svg,True,True,3d_mobile_avatar_svg,attached_curly_auburn_avatar,avatarEyeIrisColor;avatarEyeRingColor;avatarEyePupilColor;avatarEyeHighlightColor,,
Component_EyesExpr_Focused,eyes_expr,assets/svg/eyes_expr/Component_EyesExpr_Focused.svg,True,True,3d_mobile_avatar_svg,attached_curly_auburn_avatar,avatarEyeIrisColor;avatarEyeRingColor;avatarEyePupilColor;avatarEyeHighlightColor,,
Component_EyesExpr_Happy,eyes_expr,assets/svg/eyes_expr/Component_EyesExpr_Happy.svg,True,True,3d_mobile_avatar_svg,attached_curly_auburn_avatar,avatarEyeIrisColor;avatarEyeRingColor;avatarEyePupilColor;avatarEyeHighlightColor,,
Component_EyesExpr_Tired,eyes_expr,assets/svg/eyes_expr/Component_EyesExpr_Tired.svg,True,True,3d_mobile_avatar_svg,attached_curly_auburn_avatar,avatarEyeIrisColor;avatarEyeRingColor;avatarEyePupilColor;avatarEyeHighlightColor,,
Component_EyesExpr_Overwhelmed,eyes_expr,assets/svg/eyes_expr/Component_EyesExpr_Overwhelmed.svg,True,True,3d_mobile_avatar_svg,attached_curly_auburn_avatar,avatarEyeIrisColor;avatarEyeRingColor;avatarEyePupilColor;avatarEyeHighlightColor,,
Component_EyesExpr_Calm,eyes_expr,assets/svg/eyes_expr/Component_EyesExpr_Calm.svg,True,True,3d_mobile_avatar_svg,attached_curly_auburn_avatar,avatarEyeIrisColor;avatarEyeRingColor;avatarEyePupilColor;avatarEyeHighlightColor,,
Component_EyesExpr_Listening,eyes_expr,assets/svg/eyes_expr/Component_EyesExpr_Listening.svg,True,True,3d_mobile_avatar_svg,attached_curly_auburn_avatar,avatarEyeIrisColor;avatarEyeRingColor;avatarEyePupilColor;avatarEyeHighlightColor,,
Component_EyesExpr_Thinking,eyes_expr,assets/svg/eyes_expr/Component_EyesExpr_Thinking.svg,True,True,3d_mobile_avatar_svg,attached_curly_auburn_avatar,avatarEyeIrisColor;avatarEyeRingColor;avatarEyePupilColor;avatarEyeHighlightColor,,
Component_Brows_Straight,brows,assets/svg/brows/Component_Brows_Straight.svg,True,True,3d_mobile_avatar_svg,attached_curly_auburn_avatar,avatarHairBaseColor;avatarHairShadowColor;avatarHairHighlightColor;avatarHairAccentColor,,
Component_Brows_SoftArch,brows,assets/svg/brows/Component_Brows_SoftArch.svg,True,True,3d_mobile_avatar_svg,attached_curly_auburn_avatar,avatarHairBaseColor;avatarHairShadowColor;avatarHairHighlightColor;avatarHairAccentColor,,
Component_Brows_HighArch,brows,assets/svg/brows/Component_Brows_HighArch.svg,True,True,3d_mobile_avatar_svg,attached_curly_auburn_avatar,avatarHairBaseColor;avatarHairShadowColor;avatarHairHighlightColor;avatarHairAccentColor,,
Component_Brows_Full,brows,assets/svg/brows/Component_Brows_Full.svg,True,True,3d_mobile_avatar_svg,attached_curly_auburn_avatar,avatarHairBaseColor;avatarHairShadowColor;avatarHairHighlightColor;avatarHairAccentColor,,
Component_Brows_Thin,brows,assets/svg/brows/Component_Brows_Thin.svg,True,True,3d_mobile_avatar_svg,attached_curly_auburn_avatar,avatarHairBaseColor;avatarHairShadowColor;avatarHairHighlightColor;avatarHairAccentColor,,
Component_Brows_Angled,brows,assets/svg/brows/Component_Brows_Angled.svg,True,True,3d_mobile_avatar_svg,attached_curly_auburn_avatar,avatarHairBaseColor;avatarHairShadowColor;avatarHairHighlightColor;avatarHairAccentColor,,
Component_Brows_Rounded,brows,assets/svg/brows/Component_Brows_Rounded.svg,True,True,3d_mobile_avatar_svg,attached_curly_auburn_avatar,avatarHairBaseColor;avatarHairShadowColor;avatarHairHighlightColor;avatarHairAccentColor,,
Component_Brows_Flat,brows,assets/svg/brows/Component_Brows_Flat.svg,True,True,3d_mobile_avatar_svg,attached_curly_auburn_avatar,avatarHairBaseColor;avatarHairShadowColor;avatarHairHighlightColor;avatarHairAccentColor,,
Component_BrowsExpr_Relaxed,brows_expr,assets/svg/brows_expr/Component_BrowsExpr_Relaxed.svg,True,True,3d_mobile_avatar_svg,attached_curly_auburn_avatar,avatarHairBaseColor;avatarHairShadowColor;avatarHairHighlightColor;avatarHairAccentColor,,
Component_BrowsExpr_Raised,brows_expr,assets/svg/brows_expr/Component_BrowsExpr_Raised.svg,True,True,3d_mobile_avatar_svg,attached_curly_auburn_avatar,avatarHairBaseColor;avatarHairShadowColor;avatarHairHighlightColor;avatarHairAccentColor,,
Component_BrowsExpr_Furrowed,brows_expr,assets/svg/brows_expr/Component_BrowsExpr_Furrowed.svg,True,True,3d_mobile_avatar_svg,attached_curly_auburn_avatar,avatarHairBaseColor;avatarHairShadowColor;avatarHairHighlightColor;avatarHairAccentColor,,
Component_BrowsExpr_Concerned,brows_expr,assets/svg/brows_expr/Component_BrowsExpr_Concerned.svg,True,True,3d_mobile_avatar_svg,attached_curly_auburn_avatar,avatarHairBaseColor;avatarHairShadowColor;avatarHairHighlightColor;avatarHairAccentColor,,
Component_BrowsExpr_Focused,brows_expr,assets/svg/brows_expr/Component_BrowsExpr_Focused.svg,True,True,3d_mobile_avatar_svg,attached_curly_auburn_avatar,avatarHairBaseColor;avatarHairShadowColor;avatarHairHighlightColor;avatarHairAccentColor,,
Component_Nose_Small,nose,assets/svg/nose/Component_Nose_Small.svg,True,True,3d_mobile_avatar_svg,attached_curly_auburn_avatar,avatarSkinBaseColor;avatarSkinShadowColor;avatarSkinHighlightColor,,
Component_Nose_Medium,nose,assets/svg/nose/Component_Nose_Medium.svg,True,True,3d_mobile_avatar_svg,attached_curly_auburn_avatar,avatarSkinBaseColor;avatarSkinShadowColor;avatarSkinHighlightColor,,
Component_Nose_Broad,nose,assets/svg/nose/Component_Nose_Broad.svg,True,True,3d_mobile_avatar_svg,attached_curly_auburn_avatar,avatarSkinBaseColor;avatarSkinShadowColor;avatarSkinHighlightColor,,
Component_Nose_Button,nose,assets/svg/nose/Component_Nose_Button.svg,True,True,3d_mobile_avatar_svg,attached_curly_auburn_avatar,avatarSkinBaseColor;avatarSkinShadowColor;avatarSkinHighlightColor,,
Component_Nose_Aquiline,nose,assets/svg/nose/Component_Nose_Aquiline.svg,True,True,3d_mobile_avatar_svg,attached_curly_auburn_avatar,avatarSkinBaseColor;avatarSkinShadowColor;avatarSkinHighlightColor,,
Component_Nose_LowBridge,nose,assets/svg/nose/Component_Nose_LowBridge.svg,True,True,3d_mobile_avatar_svg,attached_curly_auburn_avatar,avatarSkinBaseColor;avatarSkinShadowColor;avatarSkinHighlightColor,,
Component_Nose_HighBridge,nose,assets/svg/nose/Component_Nose_HighBridge.svg,True,True,3d_mobile_avatar_svg,attached_curly_auburn_avatar,avatarSkinBaseColor;avatarSkinShadowColor;avatarSkinHighlightColor,,
Component_Nose_Rounded,nose,assets/svg/nose/Component_Nose_Rounded.svg,True,True,3d_mobile_avatar_svg,attached_curly_auburn_avatar,avatarSkinBaseColor;avatarSkinShadowColor;avatarSkinHighlightColor,,
Component_Nose_Defined,nose,assets/svg/nose/Component_Nose_Defined.svg,True,True,3d_mobile_avatar_svg,attached_curly_auburn_avatar,avatarSkinBaseColor;avatarSkinShadowColor;avatarSkinHighlightColor,,
Component_Nose_WideNostril,nose,assets/svg/nose/Component_Nose_WideNostril.svg,True,True,3d_mobile_avatar_svg,attached_curly_auburn_avatar,avatarSkinBaseColor;avatarSkinShadowColor;avatarSkinHighlightColor,,
Component_Nose_NarrowNostril,nose,assets/svg/nose/Component_Nose_NarrowNostril.svg,True,True,3d_mobile_avatar_svg,attached_curly_auburn_avatar,avatarSkinBaseColor;avatarSkinShadowColor;avatarSkinHighlightColor,,
Component_Mouth_Narrow,mouth,assets/svg/mouth/Component_Mouth_Narrow.svg,True,True,3d_mobile_avatar_svg,attached_curly_auburn_avatar,avatarSkinBlushColor,,
Component_Mouth_Medium,mouth,assets/svg/mouth/Component_Mouth_Medium.svg,True,True,3d_mobile_avatar_svg,attached_curly_auburn_avatar,avatarSkinBlushColor,,
Component_Mouth_Full,mouth,assets/svg/mouth/Component_Mouth_Full.svg,True,True,3d_mobile_avatar_svg,attached_curly_auburn_avatar,avatarSkinBlushColor,,
Component_Mouth_FullUpper,mouth,assets/svg/mouth/Component_Mouth_FullUpper.svg,True,True,3d_mobile_avatar_svg,attached_curly_auburn_avatar,avatarSkinBlushColor,,
Component_Mouth_FullLower,mouth,assets/svg/mouth/Component_Mouth_FullLower.svg,True,True,3d_mobile_avatar_svg,attached_curly_auburn_avatar,avatarSkinBlushColor,,
Component_Mouth_Wide,mouth,assets/svg/mouth/Component_Mouth_Wide.svg,True,True,3d_mobile_avatar_svg,attached_curly_auburn_avatar,avatarSkinBlushColor,,
Component_Mouth_Small,mouth,assets/svg/mouth/Component_Mouth_Small.svg,True,True,3d_mobile_avatar_svg,attached_curly_auburn_avatar,avatarSkinBlushColor,,
Component_Mouth_DefinedCupid,mouth,assets/svg/mouth/Component_Mouth_DefinedCupid.svg,True,True,3d_mobile_avatar_svg,attached_curly_auburn_avatar,avatarSkinBlushColor,,
Component_MouthExpr_Neutral,mouth_expr,assets/svg/mouth_expr/Component_MouthExpr_Neutral.svg,True,True,3d_mobile_avatar_svg,attached_curly_auburn_avatar,avatarSkinBlushColor,,
Component_MouthExpr_Smile,mouth_expr,assets/svg/mouth_expr/Component_MouthExpr_Smile.svg,True,True,3d_mobile_avatar_svg,attached_curly_auburn_avatar,avatarSkinBlushColor,,
Component_MouthExpr_Open,mouth_expr,assets/svg/mouth_expr/Component_MouthExpr_Open.svg,True,True,3d_mobile_avatar_svg,attached_curly_auburn_avatar,avatarSkinBlushColor,,
Component_MouthExpr_Frown,mouth_expr,assets/svg/mouth_expr/Component_MouthExpr_Frown.svg,True,True,3d_mobile_avatar_svg,attached_curly_auburn_avatar,avatarSkinBlushColor,,
Component_MouthExpr_Thinking,mouth_expr,assets/svg/mouth_expr/Component_MouthExpr_Thinking.svg,True,True,3d_mobile_avatar_svg,attached_curly_auburn_avatar,avatarSkinBlushColor,,
Component_MouthExpr_Surprised,mouth_expr,assets/svg/mouth_expr/Component_MouthExpr_Surprised.svg,True,True,3d_mobile_avatar_svg,attached_curly_auburn_avatar,avatarSkinBlushColor,,
Component_MouthExpr_Calm,mouth_expr,assets/svg/mouth_expr/Component_MouthExpr_Calm.svg,True,True,3d_mobile_avatar_svg,attached_curly_auburn_avatar,avatarSkinBlushColor,,
Component_MouthExpr_Encouraging,mouth_expr,assets/svg/mouth_expr/Component_MouthExpr_Encouraging.svg,True,True,3d_mobile_avatar_svg,attached_curly_auburn_avatar,avatarSkinBlushColor,,
Component_Hair_Bald,hair,assets/svg/hair/Component_Hair_Bald.svg,True,True,3d_mobile_avatar_svg,attached_curly_auburn_avatar,avatarHairBaseColor;avatarHairShadowColor;avatarHairHighlightColor;avatarHairAccentColor,,
Component_Hair_BuzzCut,hair,assets/svg/hair/Component_Hair_BuzzCut.svg,True,True,3d_mobile_avatar_svg,attached_curly_auburn_avatar,avatarHairBaseColor;avatarHairShadowColor;avatarHairHighlightColor;avatarHairAccentColor,,
Component_Hair_Shaved,hair,assets/svg/hair/Component_Hair_Shaved.svg,True,True,3d_mobile_avatar_svg,attached_curly_auburn_avatar,avatarHairBaseColor;avatarHairShadowColor;avatarHairHighlightColor;avatarHairAccentColor,,
Component_Hair_Fade,hair,assets/svg/hair/Component_Hair_Fade.svg,True,True,3d_mobile_avatar_svg,attached_curly_auburn_avatar,avatarHairBaseColor;avatarHairShadowColor;avatarHairHighlightColor;avatarHairAccentColor,,
Component_Hair_Undercut,hair,assets/svg/hair/Component_Hair_Undercut.svg,True,True,3d_mobile_avatar_svg,attached_curly_auburn_avatar,avatarHairBaseColor;avatarHairShadowColor;avatarHairHighlightColor;avatarHairAccentColor,,
Component_Hair_Waves_360,hair,assets/svg/hair/Component_Hair_Waves_360.svg,True,True,3d_mobile_avatar_svg,attached_curly_auburn_avatar,avatarHairBaseColor;avatarHairShadowColor;avatarHairHighlightColor;avatarHairAccentColor,,
Component_Hair_Short_Straight,hair,assets/svg/hair/Component_Hair_Short_Straight.svg,True,True,3d_mobile_avatar_svg,attached_curly_auburn_avatar,avatarHairBaseColor;avatarHairShadowColor;avatarHairHighlightColor;avatarHairAccentColor,,
Component_Hair_Short_Wavy,hair,assets/svg/hair/Component_Hair_Short_Wavy.svg,True,True,3d_mobile_avatar_svg,attached_curly_auburn_avatar,avatarHairBaseColor;avatarHairShadowColor;avatarHairHighlightColor;avatarHairAccentColor,,
Component_Hair_Short_Curly,hair,assets/svg/hair/Component_Hair_Short_Curly.svg,True,True,3d_mobile_avatar_svg,attached_curly_auburn_avatar,avatarHairBaseColor;avatarHairShadowColor;avatarHairHighlightColor;avatarHairAccentColor,,
Component_Hair_Short_Coily,hair,assets/svg/hair/Component_Hair_Short_Coily.svg,True,True,3d_mobile_avatar_svg,attached_curly_auburn_avatar,avatarHairBaseColor;avatarHairShadowColor;avatarHairHighlightColor;avatarHairAccentColor,,
Component_Hair_Medium_Straight,hair,assets/svg/hair/Component_Hair_Medium_Straight.svg,True,True,3d_mobile_avatar_svg,attached_curly_auburn_avatar,avatarHairBaseColor;avatarHairShadowColor;avatarHairHighlightColor;avatarHairAccentColor,,
Component_Hair_Medium_Wavy,hair,assets/svg/hair/Component_Hair_Medium_Wavy.svg,True,True,3d_mobile_avatar_svg,attached_curly_auburn_avatar,avatarHairBaseColor;avatarHairShadowColor;avatarHairHighlightColor;avatarHairAccentColor,,
Component_Hair_Medium_Curly,hair,assets/svg/hair/Component_Hair_Medium_Curly.svg,True,True,3d_mobile_avatar_svg,attached_curly_auburn_avatar,avatarHairBaseColor;avatarHairShadowColor;avatarHairHighlightColor;avatarHairAccentColor,,
Component_Hair_Medium_Coily,hair,assets/svg/hair/Component_Hair_Medium_Coily.svg,True,True,3d_mobile_avatar_svg,attached_curly_auburn_avatar,avatarHairBaseColor;avatarHairShadowColor;avatarHairHighlightColor;avatarHairAccentColor,,
Component_Hair_Long_Straight,hair,assets/svg/hair/Component_Hair_Long_Straight.svg,True,True,3d_mobile_avatar_svg,attached_curly_auburn_avatar,avatarHairBaseColor;avatarHairShadowColor;avatarHairHighlightColor;avatarHairAccentColor,,
Component_Hair_Long_Wavy,hair,assets/svg/hair/Component_Hair_Long_Wavy.svg,True,True,3d_mobile_avatar_svg,attached_curly_auburn_avatar,avatarHairBaseColor;avatarHairShadowColor;avatarHairHighlightColor;avatarHairAccentColor,,
Component_Hair_Long_Curly,hair,assets/svg/hair/Component_Hair_Long_Curly.svg,True,True,3d_mobile_avatar_svg,attached_curly_auburn_avatar,avatarHairBaseColor;avatarHairShadowColor;avatarHairHighlightColor;avatarHairAccentColor,,
Component_Hair_Long_Coily,hair,assets/svg/hair/Component_Hair_Long_Coily.svg,True,True,3d_mobile_avatar_svg,attached_curly_auburn_avatar,avatarHairBaseColor;avatarHairShadowColor;avatarHairHighlightColor;avatarHairAccentColor,,
Component_Hair_Afro_Short,hair,assets/svg/hair/Component_Hair_Afro_Short.svg,True,True,3d_mobile_avatar_svg,attached_curly_auburn_avatar,avatarHairBaseColor;avatarHairShadowColor;avatarHairHighlightColor;avatarHairAccentColor,,
Component_Hair_Afro_Rounded,hair,assets/svg/hair/Component_Hair_Afro_Rounded.svg,True,True,3d_mobile_avatar_svg,attached_curly_auburn_avatar,avatarHairBaseColor;avatarHairShadowColor;avatarHairHighlightColor;avatarHairAccentColor,,
Component_Hair_Afro_Large,hair,assets/svg/hair/Component_Hair_Afro_Large.svg,True,True,3d_mobile_avatar_svg,attached_curly_auburn_avatar,avatarHairBaseColor;avatarHairShadowColor;avatarHairHighlightColor;avatarHairAccentColor,,
Component_Hair_HighPuff,hair,assets/svg/hair/Component_Hair_HighPuff.svg,True,True,3d_mobile_avatar_svg,attached_curly_auburn_avatar,avatarHairBaseColor;avatarHairShadowColor;avatarHairHighlightColor;avatarHairAccentColor,,
Component_Hair_TwoPuff,hair,assets/svg/hair/Component_Hair_TwoPuff.svg,True,True,3d_mobile_avatar_svg,attached_curly_auburn_avatar,avatarHairBaseColor;avatarHairShadowColor;avatarHairHighlightColor;avatarHairAccentColor,,
Component_Hair_Twists_Short,hair,assets/svg/hair/Component_Hair_Twists_Short.svg,True,True,3d_mobile_avatar_svg,attached_curly_auburn_avatar,avatarHairBaseColor;avatarHairShadowColor;avatarHairHighlightColor;avatarHairAccentColor,,
Component_Hair_Twists_Long,hair,assets/svg/hair/Component_Hair_Twists_Long.svg,True,True,3d_mobile_avatar_svg,attached_curly_auburn_avatar,avatarHairBaseColor;avatarHairShadowColor;avatarHairHighlightColor;avatarHairAccentColor,,
Component_Hair_Locs_Short,hair,assets/svg/hair/Component_Hair_Locs_Short.svg,True,True,3d_mobile_avatar_svg,attached_curly_auburn_avatar,avatarHairBaseColor;avatarHairShadowColor;avatarHairHighlightColor;avatarHairAccentColor,,
Component_Hair_Locs_Medium,hair,assets/svg/hair/Component_Hair_Locs_Medium.svg,True,True,3d_mobile_avatar_svg,attached_curly_auburn_avatar,avatarHairBaseColor;avatarHairShadowColor;avatarHairHighlightColor;avatarHairAccentColor,,
Component_Hair_Locs_Long,hair,assets/svg/hair/Component_Hair_Locs_Long.svg,True,True,3d_mobile_avatar_svg,attached_curly_auburn_avatar,avatarHairBaseColor;avatarHairShadowColor;avatarHairHighlightColor;avatarHairAccentColor,,
Component_Hair_Braids_Single,hair,assets/svg/hair/Component_Hair_Braids_Single.svg,True,True,3d_mobile_avatar_svg,attached_curly_auburn_avatar,avatarHairBaseColor;avatarHairShadowColor;avatarHairHighlightColor;avatarHairAccentColor,,
Component_Hair_BoxBraids_Medium,hair,assets/svg/hair/Component_Hair_BoxBraids_Medium.svg,True,True,3d_mobile_avatar_svg,attached_curly_auburn_avatar,avatarHairBaseColor;avatarHairShadowColor;avatarHairHighlightColor;avatarHairAccentColor,,
Component_Hair_BoxBraids_Long,hair,assets/svg/hair/Component_Hair_BoxBraids_Long.svg,True,True,3d_mobile_avatar_svg,attached_curly_auburn_avatar,avatarHairBaseColor;avatarHairShadowColor;avatarHairHighlightColor;avatarHairAccentColor,,
Component_Hair_Cornrows,hair,assets/svg/hair/Component_Hair_Cornrows.svg,True,True,3d_mobile_avatar_svg,attached_curly_auburn_avatar,avatarHairBaseColor;avatarHairShadowColor;avatarHairHighlightColor;avatarHairAccentColor,,
Component_Hair_BantuKnots,hair,assets/svg/hair/Component_Hair_BantuKnots.svg,True,True,3d_mobile_avatar_svg,attached_curly_auburn_avatar,avatarHairBaseColor;avatarHairShadowColor;avatarHairHighlightColor;avatarHairAccentColor,,
Component_Hair_Ponytail_Low,hair,assets/svg/hair/Component_Hair_Ponytail_Low.svg,True,True,3d_mobile_avatar_svg,attached_curly_auburn_avatar,avatarHairBaseColor;avatarHairShadowColor;avatarHairHighlightColor;avatarHairAccentColor,,
Component_Hair_Ponytail_High,hair,assets/svg/hair/Component_Hair_Ponytail_High.svg,True,True,3d_mobile_avatar_svg,attached_curly_auburn_avatar,avatarHairBaseColor;avatarHairShadowColor;avatarHairHighlightColor;avatarHairAccentColor,,
Component_Hair_Bun,hair,assets/svg/hair/Component_Hair_Bun.svg,True,True,3d_mobile_avatar_svg,attached_curly_auburn_avatar,avatarHairBaseColor;avatarHairShadowColor;avatarHairHighlightColor;avatarHairAccentColor,,
Component_Hair_Bob,hair,assets/svg/hair/Component_Hair_Bob.svg,True,True,3d_mobile_avatar_svg,attached_curly_auburn_avatar,avatarHairBaseColor;avatarHairShadowColor;avatarHairHighlightColor;avatarHairAccentColor,,
Component_Hair_SidePart,hair,assets/svg/hair/Component_Hair_SidePart.svg,True,True,3d_mobile_avatar_svg,attached_curly_auburn_avatar,avatarHairBaseColor;avatarHairShadowColor;avatarHairHighlightColor;avatarHairAccentColor,,
Component_Hair_CenterPart,hair,assets/svg/hair/Component_Hair_CenterPart.svg,True,True,3d_mobile_avatar_svg,attached_curly_auburn_avatar,avatarHairBaseColor;avatarHairShadowColor;avatarHairHighlightColor;avatarHairAccentColor,,
Component_Hair_Manbun,hair,assets/svg/hair/Component_Hair_Manbun.svg,True,True,3d_mobile_avatar_svg,attached_curly_auburn_avatar,avatarHairBaseColor;avatarHairShadowColor;avatarHairHighlightColor;avatarHairAccentColor,,
Component_Hair_Reference_AuburnLongCurly,hair,assets/svg/hair/Component_Hair_Reference_AuburnLongCurly.svg,True,True,3d_mobile_avatar_svg,attached_curly_auburn_avatar,avatarHairBaseColor;avatarHairShadowColor;avatarHairHighlightColor;avatarHairAccentColor,,
Component_FacialHair_None,facial_hair,assets/svg/facial_hair/Component_FacialHair_None.svg,True,True,3d_mobile_avatar_svg,attached_curly_auburn_avatar,avatarFacialHairBaseColor;avatarFacialHairShadowColor,,
Component_FacialHair_Stubble,facial_hair,assets/svg/facial_hair/Component_FacialHair_Stubble.svg,True,True,3d_mobile_avatar_svg,attached_curly_auburn_avatar,avatarFacialHairBaseColor;avatarFacialHairShadowColor,,
Component_FacialHair_Moustache,facial_hair,assets/svg/facial_hair/Component_FacialHair_Moustache.svg,True,True,3d_mobile_avatar_svg,attached_curly_auburn_avatar,avatarFacialHairBaseColor;avatarFacialHairShadowColor,,
Component_FacialHair_Goatee,facial_hair,assets/svg/facial_hair/Component_FacialHair_Goatee.svg,True,True,3d_mobile_avatar_svg,attached_curly_auburn_avatar,avatarFacialHairBaseColor;avatarFacialHairShadowColor,,
Component_FacialHair_Beard_Short,facial_hair,assets/svg/facial_hair/Component_FacialHair_Beard_Short.svg,True,True,3d_mobile_avatar_svg,attached_curly_auburn_avatar,avatarFacialHairBaseColor;avatarFacialHairShadowColor,,
Component_FacialHair_Beard_Full,facial_hair,assets/svg/facial_hair/Component_FacialHair_Beard_Full.svg,True,True,3d_mobile_avatar_svg,attached_curly_auburn_avatar,avatarFacialHairBaseColor;avatarFacialHairShadowColor,,
Component_FacialHair_Beard_Shaped,facial_hair,assets/svg/facial_hair/Component_FacialHair_Beard_Shaped.svg,True,True,3d_mobile_avatar_svg,attached_curly_auburn_avatar,avatarFacialHairBaseColor;avatarFacialHairShadowColor,,
Component_FacialHair_Sideburns,facial_hair,assets/svg/facial_hair/Component_FacialHair_Sideburns.svg,True,True,3d_mobile_avatar_svg,attached_curly_auburn_avatar,avatarFacialHairBaseColor;avatarFacialHairShadowColor,,
Component_HeadCovering_None,head_covering,assets/svg/head_covering/Component_HeadCovering_None.svg,True,True,3d_mobile_avatar_svg,attached_curly_auburn_avatar,avatarAccessoryPrimaryColor;avatarAccessorySecondaryColor,,
Component_HeadCovering_Hijab,head_covering,assets/svg/head_covering/Component_HeadCovering_Hijab.svg,True,True,3d_mobile_avatar_svg,attached_curly_auburn_avatar,avatarAccessoryPrimaryColor;avatarAccessorySecondaryColor,,
Component_HeadCovering_Turban,head_covering,assets/svg/head_covering/Component_HeadCovering_Turban.svg,True,True,3d_mobile_avatar_svg,attached_curly_auburn_avatar,avatarAccessoryPrimaryColor;avatarAccessorySecondaryColor,,
Component_HeadCovering_Patka,head_covering,assets/svg/head_covering/Component_HeadCovering_Patka.svg,True,True,3d_mobile_avatar_svg,attached_curly_auburn_avatar,avatarAccessoryPrimaryColor;avatarAccessorySecondaryColor,,
Component_HeadCovering_Durag,head_covering,assets/svg/head_covering/Component_HeadCovering_Durag.svg,True,True,3d_mobile_avatar_svg,attached_curly_auburn_avatar,avatarAccessoryPrimaryColor;avatarAccessorySecondaryColor,,
Component_HeadCovering_Headscarf,head_covering,assets/svg/head_covering/Component_HeadCovering_Headscarf.svg,True,True,3d_mobile_avatar_svg,attached_curly_auburn_avatar,avatarAccessoryPrimaryColor;avatarAccessorySecondaryColor,,
Component_HeadCovering_Beanie,head_covering,assets/svg/head_covering/Component_HeadCovering_Beanie.svg,True,True,3d_mobile_avatar_svg,attached_curly_auburn_avatar,avatarAccessoryPrimaryColor;avatarAccessorySecondaryColor,,
Component_HeadCovering_Cap,head_covering,assets/svg/head_covering/Component_HeadCovering_Cap.svg,True,True,3d_mobile_avatar_svg,attached_curly_auburn_avatar,avatarAccessoryPrimaryColor;avatarAccessorySecondaryColor,,
Component_HeadCovering_Wrap,head_covering,assets/svg/head_covering/Component_HeadCovering_Wrap.svg,True,True,3d_mobile_avatar_svg,attached_curly_auburn_avatar,avatarAccessoryPrimaryColor;avatarAccessorySecondaryColor,,
Component_Marking_None,markings,assets/svg/markings/Component_Marking_None.svg,True,True,3d_mobile_avatar_svg,attached_curly_auburn_avatar,avatarMarkingColor;avatarMarkingOpacity,,
Component_Marking_CheekScar,markings,assets/svg/markings/Component_Marking_CheekScar.svg,True,True,3d_mobile_avatar_svg,attached_curly_auburn_avatar,avatarMarkingColor;avatarMarkingOpacity,,
Component_Marking_BrowScar,markings,assets/svg/markings/Component_Marking_BrowScar.svg,True,True,3d_mobile_avatar_svg,attached_curly_auburn_avatar,avatarMarkingColor;avatarMarkingOpacity,,
Component_Marking_ChinScar,markings,assets/svg/markings/Component_Marking_ChinScar.svg,True,True,3d_mobile_avatar_svg,attached_curly_auburn_avatar,avatarMarkingColor;avatarMarkingOpacity,,
Component_Marking_Birthmark_Small,markings,assets/svg/markings/Component_Marking_Birthmark_Small.svg,True,True,3d_mobile_avatar_svg,attached_curly_auburn_avatar,avatarMarkingColor;avatarMarkingOpacity,,
Component_Marking_Birthmark_Large,markings,assets/svg/markings/Component_Marking_Birthmark_Large.svg,True,True,3d_mobile_avatar_svg,attached_curly_auburn_avatar,avatarMarkingColor;avatarMarkingOpacity,,
Component_Marking_Mole,markings,assets/svg/markings/Component_Marking_Mole.svg,True,True,3d_mobile_avatar_svg,attached_curly_auburn_avatar,avatarMarkingColor;avatarMarkingOpacity,,
Component_Marking_FreckleCluster,markings,assets/svg/markings/Component_Marking_FreckleCluster.svg,True,True,3d_mobile_avatar_svg,attached_curly_auburn_avatar,avatarMarkingColor;avatarMarkingOpacity,,
Component_Marking_EyeBags,markings,assets/svg/markings/Component_Marking_EyeBags.svg,True,True,3d_mobile_avatar_svg,attached_curly_auburn_avatar,avatarMarkingColor;avatarMarkingOpacity,,
Component_Marking_Bandage_Cheek,markings,assets/svg/markings/Component_Marking_Bandage_Cheek.svg,True,True,3d_mobile_avatar_svg,attached_curly_auburn_avatar,avatarMarkingColor;avatarMarkingOpacity,,
Component_Marking_Bandage_Nose,markings,assets/svg/markings/Component_Marking_Bandage_Nose.svg,True,True,3d_mobile_avatar_svg,attached_curly_auburn_avatar,avatarMarkingColor;avatarMarkingOpacity,,
Component_Marking_Vitiligo_FacePatch,markings,assets/svg/markings/Component_Marking_Vitiligo_FacePatch.svg,True,True,3d_mobile_avatar_svg,attached_curly_auburn_avatar,avatarMarkingColor;avatarMarkingOpacity,,
Component_Marking_Vitiligo_HandsPatch,markings,assets/svg/markings/Component_Marking_Vitiligo_HandsPatch.svg,True,True,3d_mobile_avatar_svg,attached_curly_auburn_avatar,avatarMarkingColor;avatarMarkingOpacity,,
Component_Accessibility_HearingAid_Left,accessibility,assets/svg/accessibility/Component_Accessibility_HearingAid_Left.svg,True,True,3d_mobile_avatar_svg,attached_curly_auburn_avatar,avatarAccessoryPrimaryColor;avatarAccessorySecondaryColor,,
Component_Accessibility_HearingAid_Right,accessibility,assets/svg/accessibility/Component_Accessibility_HearingAid_Right.svg,True,True,3d_mobile_avatar_svg,attached_curly_auburn_avatar,avatarAccessoryPrimaryColor;avatarAccessorySecondaryColor,,
Component_Accessibility_HearingAid_Both,accessibility,assets/svg/accessibility/Component_Accessibility_HearingAid_Both.svg,True,True,3d_mobile_avatar_svg,attached_curly_auburn_avatar,avatarAccessoryPrimaryColor;avatarAccessorySecondaryColor,,
Component_Accessibility_CochlearImplant_Left,accessibility,assets/svg/accessibility/Component_Accessibility_CochlearImplant_Left.svg,True,True,3d_mobile_avatar_svg,attached_curly_auburn_avatar,avatarAccessoryPrimaryColor;avatarAccessorySecondaryColor,,
Component_Accessibility_CochlearImplant_Right,accessibility,assets/svg/accessibility/Component_Accessibility_CochlearImplant_Right.svg,True,True,3d_mobile_avatar_svg,attached_curly_auburn_avatar,avatarAccessoryPrimaryColor;avatarAccessorySecondaryColor,,
Component_Accessibility_Glasses_Round,accessibility,assets/svg/accessibility/Component_Accessibility_Glasses_Round.svg,True,True,3d_mobile_avatar_svg,attached_curly_auburn_avatar,avatarAccessoryPrimaryColor;avatarAccessorySecondaryColor,,
Component_Accessibility_Glasses_Square,accessibility,assets/svg/accessibility/Component_Accessibility_Glasses_Square.svg,True,True,3d_mobile_avatar_svg,attached_curly_auburn_avatar,avatarAccessoryPrimaryColor;avatarAccessorySecondaryColor,,
Component_Accessibility_Glasses_ThickFrame,accessibility,assets/svg/accessibility/Component_Accessibility_Glasses_ThickFrame.svg,True,True,3d_mobile_avatar_svg,attached_curly_auburn_avatar,avatarAccessoryPrimaryColor;avatarAccessorySecondaryColor,,
Component_Accessibility_Eyepatch_Left,accessibility,assets/svg/accessibility/Component_Accessibility_Eyepatch_Left.svg,True,True,3d_mobile_avatar_svg,attached_curly_auburn_avatar,avatarAccessoryPrimaryColor;avatarAccessorySecondaryColor,,
Component_Accessibility_Eyepatch_Right,accessibility,assets/svg/accessibility/Component_Accessibility_Eyepatch_Right.svg,True,True,3d_mobile_avatar_svg,attached_curly_auburn_avatar,avatarAccessoryPrimaryColor;avatarAccessorySecondaryColor,,
Component_Accessory_None,accessories,assets/svg/accessories/Component_Accessory_None.svg,True,True,3d_mobile_avatar_svg,attached_curly_auburn_avatar,avatarAccessoryPrimaryColor;avatarAccessorySecondaryColor,,
Component_Accessory_Headphones,accessories,assets/svg/accessories/Component_Accessory_Headphones.svg,True,True,3d_mobile_avatar_svg,attached_curly_auburn_avatar,avatarAccessoryPrimaryColor;avatarAccessorySecondaryColor,,
Component_Accessory_Earbuds,accessories,assets/svg/accessories/Component_Accessory_Earbuds.svg,True,True,3d_mobile_avatar_svg,attached_curly_auburn_avatar,avatarAccessoryPrimaryColor;avatarAccessorySecondaryColor,,
Component_Accessory_Necklace,accessories,assets/svg/accessories/Component_Accessory_Necklace.svg,True,True,3d_mobile_avatar_svg,attached_curly_auburn_avatar,avatarAccessoryPrimaryColor;avatarAccessorySecondaryColor,,
Component_Accessory_Earrings_Stud,accessories,assets/svg/accessories/Component_Accessory_Earrings_Stud.svg,True,True,3d_mobile_avatar_svg,attached_curly_auburn_avatar,avatarAccessoryPrimaryColor;avatarAccessorySecondaryColor,,
Component_Accessory_Earrings_Hoop,accessories,assets/svg/accessories/Component_Accessory_Earrings_Hoop.svg,True,True,3d_mobile_avatar_svg,attached_curly_auburn_avatar,avatarAccessoryPrimaryColor;avatarAccessorySecondaryColor,,
Component_Accessory_Hat,accessories,assets/svg/accessories/Component_Accessory_Hat.svg,True,True,3d_mobile_avatar_svg,attached_curly_auburn_avatar,avatarAccessoryPrimaryColor;avatarAccessorySecondaryColor,,
Component_Accessory_Cap,accessories,assets/svg/accessories/Component_Accessory_Cap.svg,True,True,3d_mobile_avatar_svg,attached_curly_auburn_avatar,avatarAccessoryPrimaryColor;avatarAccessorySecondaryColor,,
Component_Accessory_CaregiverBadge,accessories,assets/svg/accessories/Component_Accessory_CaregiverBadge.svg,True,True,3d_mobile_avatar_svg,attached_curly_auburn_avatar,avatarAccessoryPrimaryColor;avatarAccessorySecondaryColor,,
Component_Accessory_TaskBadge,accessories,assets/svg/accessories/Component_Accessory_TaskBadge.svg,True,True,3d_mobile_avatar_svg,attached_curly_auburn_avatar,avatarAccessoryPrimaryColor;avatarAccessorySecondaryColor,,
Component_Accessory_RewardStar,accessories,assets/svg/accessories/Component_Accessory_RewardStar.svg,True,True,3d_mobile_avatar_svg,attached_curly_auburn_avatar,avatarAccessoryPrimaryColor;avatarAccessorySecondaryColor,,
Component_Clothing_TShirt,clothing,assets/svg/clothing/Component_Clothing_TShirt.svg,True,True,3d_mobile_avatar_svg,attached_curly_auburn_avatar,avatarClothingPrimaryColor;avatarClothingSecondaryColor;avatarClothingAccentColor,,
Component_Clothing_LongSleeve,clothing,assets/svg/clothing/Component_Clothing_LongSleeve.svg,True,True,3d_mobile_avatar_svg,attached_curly_auburn_avatar,avatarClothingPrimaryColor;avatarClothingSecondaryColor;avatarClothingAccentColor,,
Component_Clothing_Hoodie,clothing,assets/svg/clothing/Component_Clothing_Hoodie.svg,True,True,3d_mobile_avatar_svg,attached_curly_auburn_avatar,avatarClothingPrimaryColor;avatarClothingSecondaryColor;avatarClothingAccentColor,,
Component_Clothing_Jacket,clothing,assets/svg/clothing/Component_Clothing_Jacket.svg,True,True,3d_mobile_avatar_svg,attached_curly_auburn_avatar,avatarClothingPrimaryColor;avatarClothingSecondaryColor;avatarClothingAccentColor,,
Component_Clothing_Shirt,clothing,assets/svg/clothing/Component_Clothing_Shirt.svg,True,True,3d_mobile_avatar_svg,attached_curly_auburn_avatar,avatarClothingPrimaryColor;avatarClothingSecondaryColor;avatarClothingAccentColor,,
Component_Clothing_Polo,clothing,assets/svg/clothing/Component_Clothing_Polo.svg,True,True,3d_mobile_avatar_svg,attached_curly_auburn_avatar,avatarClothingPrimaryColor;avatarClothingSecondaryColor;avatarClothingAccentColor,,
Component_Clothing_Sweater,clothing,assets/svg/clothing/Component_Clothing_Sweater.svg,True,True,3d_mobile_avatar_svg,attached_curly_auburn_avatar,avatarClothingPrimaryColor;avatarClothingSecondaryColor;avatarClothingAccentColor,,
Component_Clothing_CaregiverBadge,clothing,assets/svg/clothing/Component_Clothing_CaregiverBadge.svg,True,True,3d_mobile_avatar_svg,attached_curly_auburn_avatar,avatarClothingPrimaryColor;avatarClothingSecondaryColor;avatarClothingAccentColor,,
Component_Clothing_TaskHelperBadge,clothing,assets/svg/clothing/Component_Clothing_TaskHelperBadge.svg,True,True,3d_mobile_avatar_svg,attached_curly_auburn_avatar,avatarClothingPrimaryColor;avatarClothingSecondaryColor;avatarClothingAccentColor,,
Component_Clothing_DoPeiMascotBadge,clothing,assets/svg/clothing/Component_Clothing_DoPeiMascotBadge.svg,True,True,3d_mobile_avatar_svg,attached_curly_auburn_avatar,avatarClothingPrimaryColor;avatarClothingSecondaryColor;avatarClothingAccentColor,,
Component_ClothingDetail_None,clothing_detail,assets/svg/clothing_detail/Component_ClothingDetail_None.svg,True,True,3d_mobile_avatar_svg,attached_curly_auburn_avatar,avatarClothingPrimaryColor;avatarClothingSecondaryColor;avatarClothingAccentColor,,
Component_ClothingDetail_Stripes,clothing_detail,assets/svg/clothing_detail/Component_ClothingDetail_Stripes.svg,True,True,3d_mobile_avatar_svg,attached_curly_auburn_avatar,avatarClothingPrimaryColor;avatarClothingSecondaryColor;avatarClothingAccentColor,,
Component_ClothingDetail_Pocket,clothing_detail,assets/svg/clothing_detail/Component_ClothingDetail_Pocket.svg,True,True,3d_mobile_avatar_svg,attached_curly_auburn_avatar,avatarClothingPrimaryColor;avatarClothingSecondaryColor;avatarClothingAccentColor,,
Component_ClothingDetail_Zip,clothing_detail,assets/svg/clothing_detail/Component_ClothingDetail_Zip.svg,True,True,3d_mobile_avatar_svg,attached_curly_auburn_avatar,avatarClothingPrimaryColor;avatarClothingSecondaryColor;avatarClothingAccentColor,,
Component_ClothingDetail_Drawstrings,clothing_detail,assets/svg/clothing_detail/Component_ClothingDetail_Drawstrings.svg,True,True,3d_mobile_avatar_svg,attached_curly_auburn_avatar,avatarClothingPrimaryColor;avatarClothingSecondaryColor;avatarClothingAccentColor,,
Component_ClothingDetail_ButtonLine,clothing_detail,assets/svg/clothing_detail/Component_ClothingDetail_ButtonLine.svg,True,True,3d_mobile_avatar_svg,attached_curly_auburn_avatar,avatarClothingPrimaryColor;avatarClothingSecondaryColor;avatarClothingAccentColor,,
Component_Expression_Neutral,expressions,assets/svg/expressions/Component_Expression_Neutral.svg,True,True,3d_mobile_avatar_svg,attached_curly_auburn_avatar,avatarExpressionState,,
Component_Expression_TaskFocus,expressions,assets/svg/expressions/Component_Expression_TaskFocus.svg,True,True,3d_mobile_avatar_svg,attached_curly_auburn_avatar,avatarExpressionState,,
Component_Expression_Reward,expressions,assets/svg/expressions/Component_Expression_Reward.svg,True,True,3d_mobile_avatar_svg,attached_curly_auburn_avatar,avatarExpressionState,,
Component_Expression_Overwhelmed,expressions,assets/svg/expressions/Component_Expression_Overwhelmed.svg,True,True,3d_mobile_avatar_svg,attached_curly_auburn_avatar,avatarExpressionState,,
Component_Expression_Listening,expressions,assets/svg/expressions/Component_Expression_Listening.svg,True,True,3d_mobile_avatar_svg,attached_curly_auburn_avatar,avatarExpressionState,,
Component_Expression_Thinking,expressions,assets/svg/expressions/Component_Expression_Thinking.svg,True,True,3d_mobile_avatar_svg,attached_curly_auburn_avatar,avatarExpressionState,,
Component_Expression_Calm,expressions,assets/svg/expressions/Component_Expression_Calm.svg,True,True,3d_mobile_avatar_svg,attached_curly_auburn_avatar,avatarExpressionState,,
Component_Expression_Encouraging,expressions,assets/svg/expressions/Component_Expression_Encouraging.svg,True,True,3d_mobile_avatar_svg,attached_curly_auburn_avatar,avatarExpressionState,,
Component_Expression_Tired,expressions,assets/svg/expressions/Component_Expression_Tired.svg,True,True,3d_mobile_avatar_svg,attached_curly_auburn_avatar,avatarExpressionState,,
Component_Expression_Proud,expressions,assets/svg/expressions/Component_Expression_Proud.svg,True,True,3d_mobile_avatar_svg,attached_curly_auburn_avatar,avatarExpressionState,,
Component_Expression_Confused,expressions,assets/svg/expressions/Component_Expression_Confused.svg,True,True,3d_mobile_avatar_svg,attached_curly_auburn_avatar,avatarExpressionState,,
Component_Expression_Relieved,expressions,assets/svg/expressions/Component_Expression_Relieved.svg,True,True,3d_mobile_avatar_svg,attached_curly_auburn_avatar,avatarExpressionState,,
Component_State_Idle,states,assets/svg/states/Component_State_Idle.svg,True,True,3d_mobile_avatar_svg,attached_curly_auburn_avatar,avatarTaskState;avatarRewardState;avatarOverwhelmState;avatarListeningState,,
Component_State_Listening,states,assets/svg/states/Component_State_Listening.svg,True,True,3d_mobile_avatar_svg,attached_curly_auburn_avatar,avatarTaskState;avatarRewardState;avatarOverwhelmState;avatarListeningState,,
Component_State_Thinking,states,assets/svg/states/Component_State_Thinking.svg,True,True,3d_mobile_avatar_svg,attached_curly_auburn_avatar,avatarTaskState;avatarRewardState;avatarOverwhelmState;avatarListeningState,,
Component_State_Focused,states,assets/svg/states/Component_State_Focused.svg,True,True,3d_mobile_avatar_svg,attached_curly_auburn_avatar,avatarTaskState;avatarRewardState;avatarOverwhelmState;avatarListeningState,,
Component_State_Rewarded,states,assets/svg/states/Component_State_Rewarded.svg,True,True,3d_mobile_avatar_svg,attached_curly_auburn_avatar,avatarTaskState;avatarRewardState;avatarOverwhelmState;avatarListeningState,,
Component_State_Overwhelmed,states,assets/svg/states/Component_State_Overwhelmed.svg,True,True,3d_mobile_avatar_svg,attached_curly_auburn_avatar,avatarTaskState;avatarRewardState;avatarOverwhelmState;avatarListeningState,,
Component_State_Calm,states,assets/svg/states/Component_State_Calm.svg,True,True,3d_mobile_avatar_svg,attached_curly_auburn_avatar,avatarTaskState;avatarRewardState;avatarOverwhelmState;avatarListeningState,,
Component_State_BodyDouble,states,assets/svg/states/Component_State_BodyDouble.svg,True,True,3d_mobile_avatar_svg,attached_curly_auburn_avatar,avatarTaskState;avatarRewardState;avatarOverwhelmState;avatarListeningState,,
Component_State_CaregiverSupport,states,assets/svg/states/Component_State_CaregiverSupport.svg,True,True,3d_mobile_avatar_svg,attached_curly_auburn_avatar,avatarTaskState;avatarRewardState;avatarOverwhelmState;avatarListeningState,,
Component_State_TaskComplete,states,assets/svg/states/Component_State_TaskComplete.svg,True,True,3d_mobile_avatar_svg,attached_curly_auburn_avatar,avatarTaskState;avatarRewardState;avatarOverwhelmState;avatarListeningState,,
Component_Preset_RoundFace_CurlyHair_Glasses_Calm,presets,assets/svg/presets/Component_Preset_RoundFace_CurlyHair_Glasses_Calm.svg,True,True,3d_mobile_avatar_svg,attached_curly_auburn_avatar,,preset,
Component_Preset_OvalFace_Locs_Focused,presets,assets/svg/presets/Component_Preset_OvalFace_Locs_Focused.svg,True,True,3d_mobile_avatar_svg,attached_curly_auburn_avatar,,preset,
Component_Preset_SquareFace_BuzzCut_TaskFocus,presets,assets/svg/presets/Component_Preset_SquareFace_BuzzCut_TaskFocus.svg,True,True,3d_mobile_avatar_svg,attached_curly_auburn_avatar,,preset,
Component_Preset_HeartFace_Hijab_Listening,presets,assets/svg/presets/Component_Preset_HeartFace_Hijab_Listening.svg,True,True,3d_mobile_avatar_svg,attached_curly_auburn_avatar,,preset,
Component_Preset_LongFace_LongStraight_Thinking,presets,assets/svg/presets/Component_Preset_LongFace_LongStraight_Thinking.svg,True,True,3d_mobile_avatar_svg,attached_curly_auburn_avatar,,preset,
Component_Preset_BroadFace_Afro_Reward,presets,assets/svg/presets/Component_Preset_BroadFace_Afro_Reward.svg,True,True,3d_mobile_avatar_svg,attached_curly_auburn_avatar,,preset,
Component_Preset_SoftFace_BoxBraids_Encouraging,presets,assets/svg/presets/Component_Preset_SoftFace_BoxBraids_Encouraging.svg,True,True,3d_mobile_avatar_svg,attached_curly_auburn_avatar,,preset,
Component_Preset_AngularFace_Turban_Calm,presets,assets/svg/presets/Component_Preset_AngularFace_Turban_Calm.svg,True,True,3d_mobile_avatar_svg,attached_curly_auburn_avatar,,preset,
Component_Preset_FullFace_Cornrows_Overwhelmed,presets,assets/svg/presets/Component_Preset_FullFace_Cornrows_Overwhelmed.svg,True,True,3d_mobile_avatar_svg,attached_curly_auburn_avatar,,preset,
Component_Preset_SlimFace_Bob_TaskComplete,presets,assets/svg/presets/Component_Preset_SlimFace_Bob_TaskComplete.svg,True,True,3d_mobile_avatar_svg,attached_curly_auburn_avatar,,preset,
Component_Preset_DefinedJaw_Fade_Focused,presets,assets/svg/presets/Component_Preset_DefinedJaw_Fade_Focused.svg,True,True,3d_mobile_avatar_svg,attached_curly_auburn_avatar,,preset,
Component_Preset_HighCheekbones_Headscarf_Relieved,presets,assets/svg/presets/Component_Preset_HighCheekbones_Headscarf_Relieved.svg,True,True,3d_mobile_avatar_svg,attached_curly_auburn_avatar,,preset,
Component_Preset_Reference_CurlyAuburn_Freckles_Denim,presets,assets/svg/presets/Component_Preset_Reference_CurlyAuburn_Freckles_Denim.svg,True,True,3d_mobile_avatar_svg,attached_curly_auburn_avatar,,preset,
